slug,title,closed,winner,endDate,volume,upMin,upMax,upLast,upTouched,upTouchTime,upTouchWon,upPoints,downMin,downMax,downLast,downTouched,downTouchTime,downTouchWon,downPoints,url,error
bitcoin-up-or-down-june-22-2026-6pm-et,"Bitcoin Up or Down - June 22, 6PM ET",False,,2026-06-22T23:00:00Z,38796.26794500002,0.0005,0.545,0.0005,True,2026-06-22T22:30:05+00:00,False,296,0.455,0.9995,0.9995,False,,False,295,https://polymarket.com/event/bitcoin-up-or-down-june-22-2026-6pm-et,
bitcoin-up-or-down-june-22-2026-5pm-et,"Bitcoin Up or Down - June 22, 5PM ET",True,Down,2026-06-22T22:00:00Z,28044.138632000017,0.0005,0.525,0.0005,True,2026-06-22T21:30:04+00:00,False,295,0.475,0.9995,0.9995,False,,False,295,https://polymarket.com/event/bitcoin-up-or-down-june-22-2026-5pm-et,
bitcoin-up-or-down-june-22-2026-4pm-et,"Bitcoin Up or Down - June 22, 4PM ET",True,Down,2026-06-22T21:00:00Z,35814.99793799997,0.0005,0.615,0.0005,True,2026-06-22T20:30:05+00:00,False,295,0.385,0.9995,0.9995,False,,False,295,https://polymarket.com/event/bitcoin-up-or-down-june-22-2026-4pm-et,
bitcoin-up-or-down-june-22-2026-3pm-et,"Bitcoin Up or Down - June 22, 3PM ET",True,Up,2026-06-22T20:00:00Z,39886.10899999992,0.5,0.9995,0.9995,False,,False,295,0.0005,0.5,0.0005,True,2026-06-22T19:20:04+00:00,False,295,https://polymarket.com/event/bitcoin-up-or-down-june-22-2026-3pm-et,
bitcoin-up-or-down-june-22-2026-2pm-et,"Bitcoin Up or Down - June 22, 2PM ET",True,Down,2026-06-22T19:00:00Z,47730.83715099995,0.0005,0.635,0.0005,True,2026-06-22T18:40:05+00:00,False,295,0.365,0.9995,0.9995,False,,False,295,https://polymarket.com/event/bitcoin-up-or-down-june-22-2026-2pm-et,
bitcoin-up-or-down-june-22-2026-1pm-et,"Bitcoin Up or Down - June 22, 1PM ET",True,Down,2026-06-22T18:00:00Z,35840.83189499998,0.0005,0.525,0.0005,True,2026-06-22T17:30:05+00:00,False,295,0.475,0.9995,0.9995,False,,False,295,https://polymarket.com/event/bitcoin-up-or-down-june-22-2026-1pm-et,
bitcoin-up-or-down-june-22-2026-12pm-et,"Bitcoin Up or Down - June 22, 12PM ET",True,Down,2026-06-22T17:00:00Z,35650.63765599998,0.0005,0.525,0.0005,True,2026-06-22T16:10:04+00:00,False,295,0.475,0.9995,0.9995,False,,False,295,https://polymarket.com/event/bitcoin-up-or-down-june-22-2026-12pm-et,
bitcoin-up-or-down-june-22-2026-11am-et,"Bitcoin Up or Down - June 22, 11AM ET",True,Down,2026-06-22T16:00:00Z,68488.03827799988,0.0005,0.755,0.0005,True,2026-06-22T15:50:05+00:00,False,295,0.245,0.9995,0.9995,True,2026-06-22T15:40:04+00:00,True,295,https://polymarket.com/event/bitcoin-up-or-down-june-22-2026-11am-et,
bitcoin-up-or-down-june-22-2026-10am-et,"Bitcoin Up or Down - June 22, 10AM ET",True,Down,2026-06-22T15:00:00Z,68629.304693,0.0005,0.5,0.0005,True,2026-06-22T14:10:07+00:00,False,295,0.5,0.9995,0.9995,False,,False,295,https://polymarket.com/event/bitcoin-up-or-down-june-22-2026-10am-et,
bitcoin-up-or-down-june-22-2026-9am-et,"Bitcoin Up or Down - June 22, 9AM ET",True,Up,2026-06-22T14:00:00Z,89462.16744799989,0.255,0.9995,0.9995,True,2026-06-22T13:30:05+00:00,True,296,0.0005,0.745,0.0005,True,2026-06-22T13:50:04+00:00,False,296,https://polymarket.com/event/bitcoin-up-or-down-june-22-2026-9am-et,
bitcoin-up-or-down-june-22-2026-8am-et,"Bitcoin Up or Down - June 22, 8AM ET",True,Up,2026-06-22T13:00:00Z,95828.31679399985,0.445,0.9995,0.9995,False,,False,295,0.0005,0.555,0.0005,True,2026-06-22T12:30:06+00:00,False,295,https://polymarket.com/event/bitcoin-up-or-down-june-22-2026-8am-et,
bitcoin-up-or-down-june-22-2026-7am-et,"Bitcoin Up or Down - June 22, 7AM ET",True,Up,2026-06-22T12:00:00Z,54364.13144300004,0.485,0.9995,0.9995,False,,False,295,0.0005,0.515,0.0005,True,2026-06-22T11:10:04+00:00,False,295,https://polymarket.com/event/bitcoin-up-or-down-june-22-2026-7am-et,
bitcoin-up-or-down-june-22-2026-6am-et,"Bitcoin Up or Down - June 22, 6AM ET",True,Down,2026-06-22T11:00:00Z,17915.237577999986,0.0005,0.775,0.0005,True,2026-06-22T11:00:04+00:00,False,295,0.225,0.9995,0.9995,True,2026-06-22T10:10:04+00:00,True,295,https://polymarket.com/event/bitcoin-up-or-down-june-22-2026-6am-et,
bitcoin-up-or-down-june-22-2026-5am-et,"Bitcoin Up or Down - June 22, 5AM ET",True,Down,2026-06-22T10:00:00Z,14596.830579000012,0.0005,0.545,0.0005,True,2026-06-22T09:40:06+00:00,False,295,0.455,0.9995,0.9995,False,,False,295,https://polymarket.com/event/bitcoin-up-or-down-june-22-2026-5am-et,
bitcoin-up-or-down-june-22-2026-4am-et,"Bitcoin Up or Down - June 22, 4AM ET",True,Down,2026-06-22T09:00:00Z,25815.31876799999,0.0005,0.625,0.0005,True,2026-06-22T08:40:04+00:00,False,295,0.375,0.9995,0.9995,False,,False,295,https://polymarket.com/event/bitcoin-up-or-down-june-22-2026-4am-et,
bitcoin-up-or-down-june-22-2026-3am-et,"Bitcoin Up or Down - June 22, 3AM ET",True,Up,2026-06-22T08:00:00Z,49713.71950199999,0.48,0.9995,0.9995,False,,False,295,0.0005,0.52,0.0005,True,2026-06-22T07:10:04+00:00,False,295,https://polymarket.com/event/bitcoin-up-or-down-june-22-2026-3am-et,
bitcoin-up-or-down-june-22-2026-2am-et,"Bitcoin Up or Down - June 22, 2AM ET",True,Down,2026-06-22T07:00:00Z,47549.96630400002,0.0005,0.625,0.0005,True,2026-06-22T06:20:04+00:00,False,295,0.375,0.9995,0.9995,False,,False,295,https://polymarket.com/event/bitcoin-up-or-down-june-22-2026-2am-et,
bitcoin-up-or-down-june-22-2026-1am-et,"Bitcoin Up or Down - June 22, 1AM ET",True,Up,2026-06-22T06:00:00Z,22995.859799000005,0.485,0.9995,0.9995,False,,False,295,0.0005,0.515,0.0005,True,2026-06-22T05:10:04+00:00,False,295,https://polymarket.com/event/bitcoin-up-or-down-june-22-2026-1am-et,
bitcoin-up-or-down-june-22-2026-12am-et,"Bitcoin Up or Down - June 22, 12AM ET",True,Up,2026-06-22T05:00:00Z,27381.783847999974,0.405,0.9995,0.9995,False,,False,295,0.0005,0.595,0.0005,True,2026-06-22T04:50:20+00:00,False,295,https://polymarket.com/event/bitcoin-up-or-down-june-22-2026-12am-et,
bitcoin-up-or-down-june-21-2026-11pm-et,"Bitcoin Up or Down - June 21, 11PM ET",True,Down,2026-06-22T04:00:00Z,33109.753828999965,0.0005,0.585,0.0005,True,2026-06-22T03:10:05+00:00,False,292,0.415,0.9995,0.9995,False,,False,292,https://polymarket.com/event/bitcoin-up-or-down-june-21-2026-11pm-et,
bitcoin-up-or-down-june-21-2026-10pm-et,"Bitcoin Up or Down - June 21, 10PM ET",True,Down,2026-06-22T03:00:00Z,29130.128855999967,0.0005,0.505,0.0005,True,2026-06-22T02:50:05+00:00,False,295,0.495,0.9995,0.9995,False,,False,295,https://polymarket.com/event/bitcoin-up-or-down-june-21-2026-10pm-et,
bitcoin-up-or-down-june-21-2026-9pm-et,"Bitcoin Up or Down - June 21, 9PM ET",True,Up,2026-06-22T02:00:00Z,39941.713543999984,0.495,0.9995,0.9995,False,,False,295,0.0005,0.505,0.0005,True,2026-06-22T01:20:03+00:00,False,295,https://polymarket.com/event/bitcoin-up-or-down-june-21-2026-9pm-et,
bitcoin-up-or-down-june-21-2026-8pm-et,"Bitcoin Up or Down - June 21, 8PM ET",True,Up,2026-06-22T01:00:00Z,51007.61510499999,0.5,0.9995,0.9995,False,,False,295,0.0005,0.5,0.0005,True,2026-06-22T00:10:03+00:00,False,295,https://polymarket.com/event/bitcoin-up-or-down-june-21-2026-8pm-et,
bitcoin-up-or-down-june-21-2026-7pm-et,"Bitcoin Up or Down - June 21, 7PM ET",True,Down,2026-06-22T00:00:00Z,38851.22388399999,0.0005,0.53,0.0005,True,2026-06-21T23:30:04+00:00,False,295,0.47,0.9995,0.9995,False,,False,295,https://polymarket.com/event/bitcoin-up-or-down-june-21-2026-7pm-et,
bitcoin-up-or-down-june-21-2026-6pm-et,"Bitcoin Up or Down - June 21, 6PM ET",True,Down,2026-06-21T23:00:00Z,28164.433417,0.0005,0.52,0.0005,True,2026-06-21T22:10:06+00:00,False,295,0.48,0.9995,0.9995,False,,False,295,https://polymarket.com/event/bitcoin-up-or-down-june-21-2026-6pm-et,
bitcoin-up-or-down-june-21-2026-5pm-et,"Bitcoin Up or Down - June 21, 5PM ET",True,Down,2026-06-21T22:00:00Z,50500.617340999976,0.0005,0.735,0.0005,True,2026-06-21T21:10:04+00:00,False,295,0.265,0.9995,0.9995,True,2026-06-21T21:40:20+00:00,True,295,https://polymarket.com/event/bitcoin-up-or-down-june-21-2026-5pm-et,
bitcoin-up-or-down-june-21-2026-4pm-et,"Bitcoin Up or Down - June 21, 4PM ET",True,Down,2026-06-21T21:00:00Z,34715.201505,0.0005,0.525,0.0005,True,2026-06-21T20:20:06+00:00,False,295,0.475,0.9995,0.9995,False,,False,295,https://polymarket.com/event/bitcoin-up-or-down-june-21-2026-4pm-et,
bitcoin-up-or-down-june-21-2026-3pm-et,"Bitcoin Up or Down - June 21, 3PM ET",True,Down,2026-06-21T20:00:00Z,19830.576573000028,0.0005,0.605,0.0005,True,2026-06-21T20:00:04+00:00,False,295,0.395,0.9995,0.9995,False,,False,295,https://polymarket.com/event/bitcoin-up-or-down-june-21-2026-3pm-et,
bitcoin-up-or-down-june-21-2026-2pm-et,"Bitcoin Up or Down - June 21, 2PM ET",True,Up,2026-06-21T19:00:00Z,35836.92465199994,0.115,0.9995,0.9995,True,2026-06-21T18:10:06+00:00,True,295,0.0005,0.885,0.0005,True,2026-06-21T18:50:06+00:00,False,295,https://polymarket.com/event/bitcoin-up-or-down-june-21-2026-2pm-et,
bitcoin-up-or-down-june-21-2026-1pm-et,"Bitcoin Up or Down - June 21, 1PM ET",True,Up,2026-06-21T18:00:00Z,84910.99039599986,0.315,0.9995,0.9995,False,,False,295,0.0005,0.685,0.0005,True,2026-06-21T17:50:04+00:00,False,295,https://polymarket.com/event/bitcoin-up-or-down-june-21-2026-1pm-et,
bitcoin-up-or-down-june-21-2026-12pm-et,"Bitcoin Up or Down - June 21, 12PM ET",True,Down,2026-06-21T17:00:00Z,31369.211406999984,0.0005,0.51,0.0005,True,2026-06-21T16:40:19+00:00,False,295,0.49,0.9995,0.9995,False,,False,295,https://polymarket.com/event/bitcoin-up-or-down-june-21-2026-12pm-et,
bitcoin-up-or-down-june-21-2026-11am-et,"Bitcoin Up or Down - June 21, 11AM ET",True,Up,2026-06-21T16:00:00Z,49106.58692599999,0.48,0.9995,0.9995,False,,False,295,0.0005,0.52,0.0005,True,2026-06-21T15:30:05+00:00,False,295,https://polymarket.com/event/bitcoin-up-or-down-june-21-2026-11am-et,
bitcoin-up-or-down-june-21-2026-10am-et,"Bitcoin Up or Down - June 21, 10AM ET",True,Down,2026-06-21T15:00:00Z,35358.41318400001,0.0005,0.515,0.0005,True,2026-06-21T14:20:04+00:00,False,295,0.485,0.9995,0.9995,False,,False,295,https://polymarket.com/event/bitcoin-up-or-down-june-21-2026-10am-et,
bitcoin-up-or-down-june-21-2026-9am-et,"Bitcoin Up or Down - June 21, 9AM ET",True,Down,2026-06-21T14:00:00Z,34608.93286499999,0.0005,0.505,0.0005,True,2026-06-21T13:40:07+00:00,False,292,0.495,0.9995,0.9995,False,,False,292,https://polymarket.com/event/bitcoin-up-or-down-june-21-2026-9am-et,
bitcoin-up-or-down-june-21-2026-8am-et,"Bitcoin Up or Down - June 21, 8AM ET",True,Up,2026-06-21T13:00:00Z,41629.442071999954,0.029,0.9995,0.9995,True,2026-06-21T12:20:08+00:00,True,293,0.0005,0.971,0.0005,True,2026-06-21T13:00:04+00:00,False,293,https://polymarket.com/event/bitcoin-up-or-down-june-21-2026-8am-et,
bitcoin-up-or-down-june-21-2026-7am-et,"Bitcoin Up or Down - June 21, 7AM ET",True,Down,2026-06-21T12:00:00Z,91917.18974999996,0.0005,0.625,0.0005,True,2026-06-21T11:20:03+00:00,False,295,0.375,0.9995,0.9995,False,,False,295,https://polymarket.com/event/bitcoin-up-or-down-june-21-2026-7am-et,
bitcoin-up-or-down-june-21-2026-6am-et,"Bitcoin Up or Down - June 21, 6AM ET",True,Up,2026-06-21T11:00:00Z,28243.856857000035,0.495,0.9995,0.9995,False,,False,295,0.0005,0.505,0.0005,True,2026-06-21T10:20:04+00:00,False,295,https://polymarket.com/event/bitcoin-up-or-down-june-21-2026-6am-et,
bitcoin-up-or-down-june-21-2026-5am-et,"Bitcoin Up or Down - June 21, 5AM ET",True,Up,2026-06-21T10:00:00Z,39583.84499199996,0.375,0.9995,0.9995,False,,False,295,0.0005,0.625,0.0005,True,2026-06-21T09:40:03+00:00,False,295,https://polymarket.com/event/bitcoin-up-or-down-june-21-2026-5am-et,
bitcoin-up-or-down-june-21-2026-4am-et,"Bitcoin Up or Down - June 21, 4AM ET",True,Down,2026-06-21T09:00:00Z,38010.393388000004,0.0005,0.54,0.0005,True,2026-06-21T08:20:05+00:00,False,295,0.46,0.9995,0.9995,False,,False,295,https://polymarket.com/event/bitcoin-up-or-down-june-21-2026-4am-et,
bitcoin-up-or-down-june-21-2026-3am-et,"Bitcoin Up or Down - June 21, 3AM ET",True,Down,2026-06-21T08:00:00Z,22651.350404000015,0.0005,0.505,0.0005,True,2026-06-21T07:20:04+00:00,False,295,0.495,0.9995,0.9995,False,,False,295,https://polymarket.com/event/bitcoin-up-or-down-june-21-2026-3am-et,
bitcoin-up-or-down-june-21-2026-2am-et,"Bitcoin Up or Down - June 21, 2AM ET",True,Up,2026-06-21T07:00:00Z,20925.12648700003,0.345,0.9995,0.9995,False,,False,295,0.0005,0.655,0.0005,True,2026-06-21T06:40:04+00:00,False,295,https://polymarket.com/event/bitcoin-up-or-down-june-21-2026-2am-et,
bitcoin-up-or-down-june-21-2026-1am-et,"Bitcoin Up or Down - June 21, 1AM ET",True,Down,2026-06-21T06:00:00Z,19450.006161000005,0.0005,0.885,0.0005,True,2026-06-21T06:00:08+00:00,False,294,0.115,0.9995,0.9995,True,2026-06-21T05:40:04+00:00,True,294,https://polymarket.com/event/bitcoin-up-or-down-june-21-2026-1am-et,
bitcoin-up-or-down-june-21-2026-12am-et,"Bitcoin Up or Down - June 21, 12AM ET",True,Down,2026-06-21T05:00:00Z,32553.710605000015,0.0005,0.895,0.0005,True,2026-06-21T05:00:04+00:00,False,291,0.105,0.9995,0.9995,True,2026-06-21T04:30:04+00:00,True,291,https://polymarket.com/event/bitcoin-up-or-down-june-21-2026-12am-et,
bitcoin-up-or-down-june-20-2026-11pm-et,"Bitcoin Up or Down - June 20, 11PM ET",True,Up,2026-06-21T04:00:00Z,44312.35889100001,0.485,0.9995,0.9995,False,,False,291,0.0005,0.515,0.0005,True,2026-06-21T03:20:04+00:00,False,291,https://polymarket.com/event/bitcoin-up-or-down-june-20-2026-11pm-et,
bitcoin-up-or-down-june-20-2026-10pm-et,"Bitcoin Up or Down - June 20, 10PM ET",True,Down,2026-06-21T03:00:00Z,23224.728748,0.0005,0.815,0.0005,True,2026-06-21T03:00:04+00:00,False,291,0.185,0.9995,0.9995,True,2026-06-21T02:50:04+00:00,True,291,https://polymarket.com/event/bitcoin-up-or-down-june-20-2026-10pm-et,
bitcoin-up-or-down-june-20-2026-9pm-et,"Bitcoin Up or Down - June 20, 9PM ET",True,Down,2026-06-21T02:00:00Z,21301.408623999992,0.0005,0.5,0.0005,True,2026-06-21T01:30:03+00:00,False,291,0.5,0.9995,0.9995,False,,False,291,https://polymarket.com/event/bitcoin-up-or-down-june-20-2026-9pm-et,
bitcoin-up-or-down-june-20-2026-8pm-et,"Bitcoin Up or Down - June 20, 8PM ET",True,Down,2026-06-21T01:00:00Z,25931.251723999983,0.0005,0.525,0.0005,True,2026-06-21T00:20:03+00:00,False,290,0.475,0.9995,0.9995,False,,False,290,https://polymarket.com/event/bitcoin-up-or-down-june-20-2026-8pm-et,
bitcoin-up-or-down-june-20-2026-7pm-et,"Bitcoin Up or Down - June 20, 7PM ET",True,Up,2026-06-21T00:00:00Z,28679.239181999983,0.435,0.9995,0.9995,False,,False,291,0.0005,0.565,0.0005,True,2026-06-20T23:50:04+00:00,False,291,https://polymarket.com/event/bitcoin-up-or-down-june-20-2026-7pm-et,
bitcoin-up-or-down-june-20-2026-6pm-et,"Bitcoin Up or Down - June 20, 6PM ET",True,Up,2026-06-20T23:00:00Z,30458.549084999988,0.46,0.9995,0.9995,False,,False,290,0.0005,0.54,0.0005,True,2026-06-20T22:20:04+00:00,False,290,https://polymarket.com/event/bitcoin-up-or-down-june-20-2026-6pm-et,
bitcoin-up-or-down-june-20-2026-5pm-et,"Bitcoin Up or Down - June 20, 5PM ET",True,Up,2026-06-20T22:00:00Z,26253.897968000012,0.5,0.9995,0.9995,False,,False,291,0.0005,0.5,0.0005,True,2026-06-20T21:50:05+00:00,False,291,https://polymarket.com/event/bitcoin-up-or-down-june-20-2026-5pm-et,
bitcoin-up-or-down-june-20-2026-4pm-et,"Bitcoin Up or Down - June 20, 4PM ET",True,Down,2026-06-20T21:00:00Z,21060.668211000015,0.0005,0.605,0.0005,True,2026-06-20T20:40:03+00:00,False,291,0.395,0.9995,0.9995,False,,False,291,https://polymarket.com/event/bitcoin-up-or-down-june-20-2026-4pm-et,
bitcoin-up-or-down-june-20-2026-3pm-et,"Bitcoin Up or Down - June 20, 3PM ET",True,Up,2026-06-20T20:00:00Z,24915.137713999997,0.495,0.9995,0.9995,False,,False,291,0.0005,0.505,0.0005,True,2026-06-20T19:10:19+00:00,False,291,https://polymarket.com/event/bitcoin-up-or-down-june-20-2026-3pm-et,
bitcoin-up-or-down-june-20-2026-2pm-et,"Bitcoin Up or Down - June 20, 2PM ET",True,Down,2026-06-20T19:00:00Z,46909.81757999996,0.0005,0.665,0.0005,True,2026-06-20T19:00:05+00:00,False,291,0.335,0.9995,0.9995,False,,False,291,https://polymarket.com/event/bitcoin-up-or-down-june-20-2026-2pm-et,
bitcoin-up-or-down-june-20-2026-1pm-et,"Bitcoin Up or Down - June 20, 1PM ET",True,Down,2026-06-20T18:00:00Z,36343.58125200001,0.0005,0.515,0.0005,True,2026-06-20T17:10:04+00:00,False,291,0.485,0.9995,0.9995,False,,False,291,https://polymarket.com/event/bitcoin-up-or-down-june-20-2026-1pm-et,
bitcoin-up-or-down-june-20-2026-12pm-et,"Bitcoin Up or Down - June 20, 12PM ET",True,Down,2026-06-20T17:00:00Z,35361.72270299996,0.0005,0.515,0.0005,True,2026-06-20T16:10:05+00:00,False,291,0.485,0.9995,0.9995,False,,False,291,https://polymarket.com/event/bitcoin-up-or-down-june-20-2026-12pm-et,
bitcoin-up-or-down-june-20-2026-11am-et,"Bitcoin Up or Down - June 20, 11AM ET",True,Up,2026-06-20T16:00:00Z,39947.763553,0.385,0.9995,0.9995,False,,False,291,0.0005,0.615,0.0005,True,2026-06-20T15:20:03+00:00,False,291,https://polymarket.com/event/bitcoin-up-or-down-june-20-2026-11am-et,
bitcoin-up-or-down-june-20-2026-10am-et,"Bitcoin Up or Down - June 20, 10AM ET",True,Up,2026-06-20T15:00:00Z,71592.99795299997,0.355,0.9995,0.9995,False,,False,291,0.0005,0.645,0.0005,True,2026-06-20T14:50:04+00:00,False,291,https://polymarket.com/event/bitcoin-up-or-down-june-20-2026-10am-et,
bitcoin-up-or-down-june-20-2026-9am-et,"Bitcoin Up or Down - June 20, 9AM ET",True,Down,2026-06-20T14:00:00Z,36248.44978499999,0.0005,0.5,0.0005,True,2026-06-20T13:20:04+00:00,False,291,0.5,0.9995,0.9995,False,,False,291,https://polymarket.com/event/bitcoin-up-or-down-june-20-2026-9am-et,
bitcoin-up-or-down-june-20-2026-8am-et,"Bitcoin Up or Down - June 20, 8AM ET",True,Down,2026-06-20T13:00:00Z,64108.309632999924,0.0005,0.725,0.0005,True,2026-06-20T12:40:03+00:00,False,291,0.275,0.9995,0.9995,True,2026-06-20T12:20:03+00:00,True,291,https://polymarket.com/event/bitcoin-up-or-down-june-20-2026-8am-et,
bitcoin-up-or-down-june-20-2026-7am-et,"Bitcoin Up or Down - June 20, 7AM ET",True,Up,2026-06-20T12:00:00Z,24941.50519500002,0.475,0.9995,0.9995,False,,False,291,0.0005,0.525,0.0005,True,2026-06-20T11:50:04+00:00,False,291,https://polymarket.com/event/bitcoin-up-or-down-june-20-2026-7am-et,
bitcoin-up-or-down-june-20-2026-6am-et,"Bitcoin Up or Down - June 20, 6AM ET",True,Down,2026-06-20T11:00:00Z,18255.024598000018,0.0005,0.505,0.0005,True,2026-06-20T10:30:19+00:00,False,291,0.495,0.9995,0.9995,False,,False,291,https://polymarket.com/event/bitcoin-up-or-down-june-20-2026-6am-et,
bitcoin-up-or-down-june-20-2026-5am-et,"Bitcoin Up or Down - June 20, 5AM ET",True,Up,2026-06-20T10:00:00Z,30955.742670000007,0.495,0.9995,0.9995,False,,False,291,0.0005,0.505,0.0005,True,2026-06-20T09:20:03+00:00,False,291,https://polymarket.com/event/bitcoin-up-or-down-june-20-2026-5am-et,
bitcoin-up-or-down-june-20-2026-4am-et,"Bitcoin Up or Down - June 20, 4AM ET",True,Down,2026-06-20T09:00:00Z,36521.673979,0.0005,0.5,0.0005,True,2026-06-20T08:10:04+00:00,False,291,0.5,0.9995,0.9995,False,,False,291,https://polymarket.com/event/bitcoin-up-or-down-june-20-2026-4am-et,
bitcoin-up-or-down-june-20-2026-3am-et,"Bitcoin Up or Down - June 20, 3AM ET",True,Down,2026-06-20T08:00:00Z,34710.33462600003,0.0005,0.645,0.0005,True,2026-06-20T07:10:06+00:00,False,291,0.355,0.9995,0.9995,False,,False,291,https://polymarket.com/event/bitcoin-up-or-down-june-20-2026-3am-et,
bitcoin-up-or-down-june-20-2026-2am-et,"Bitcoin Up or Down - June 20, 2AM ET",True,Up,2026-06-20T07:00:00Z,44938.03804999994,0.305,0.9995,0.9995,False,,False,291,0.0005,0.695,0.0005,True,2026-06-20T06:50:04+00:00,False,291,https://polymarket.com/event/bitcoin-up-or-down-june-20-2026-2am-et,
bitcoin-up-or-down-june-20-2026-1am-et,"Bitcoin Up or Down - June 20, 1AM ET",True,Up,2026-06-20T06:00:00Z,47281.567133000055,0.425,0.9995,0.9995,False,,False,291,0.0005,0.575,0.0005,True,2026-06-20T05:10:04+00:00,False,291,https://polymarket.com/event/bitcoin-up-or-down-june-20-2026-1am-et,
bitcoin-up-or-down-june-20-2026-12am-et,"Bitcoin Up or Down - June 20, 12AM ET",True,Up,2026-06-20T05:00:00Z,27249.817464999996,0.255,0.9995,0.9995,True,2026-06-20T04:10:04+00:00,True,291,0.0005,0.745,0.0005,True,2026-06-20T04:30:16+00:00,False,291,https://polymarket.com/event/bitcoin-up-or-down-june-20-2026-12am-et,
bitcoin-up-or-down-june-19-2026-11pm-et,"Bitcoin Up or Down - June 19, 11PM ET",True,Up,2026-06-20T04:00:00Z,24013.49504799995,0.495,0.9995,0.9995,False,,False,291,0.0005,0.505,0.0005,True,2026-06-20T03:20:04+00:00,False,291,https://polymarket.com/event/bitcoin-up-or-down-june-19-2026-11pm-et,
bitcoin-up-or-down-june-19-2026-10pm-et,"Bitcoin Up or Down - June 19, 10PM ET",True,Down,2026-06-20T03:00:00Z,27014.99397300003,0.0005,0.5,0.0005,True,2026-06-20T02:10:05+00:00,False,291,0.5,0.9995,0.9995,False,,False,291,https://polymarket.com/event/bitcoin-up-or-down-june-19-2026-10pm-et,
bitcoin-up-or-down-june-19-2026-9pm-et,"Bitcoin Up or Down - June 19, 9PM ET",True,Up,2026-06-20T02:00:00Z,27908.084983999986,0.295,0.9995,0.9995,True,2026-06-20T01:10:17+00:00,True,291,0.0005,0.695,0.0005,True,2026-06-20T01:40:03+00:00,False,291,https://polymarket.com/event/bitcoin-up-or-down-june-19-2026-9pm-et,
bitcoin-up-or-down-june-19-2026-8pm-et,"Bitcoin Up or Down - June 19, 8PM ET",True,Down,2026-06-20T01:00:00Z,46072.711721,0.0005,0.675,0.0005,True,2026-06-20T01:00:04+00:00,False,291,0.325,0.9995,0.9995,False,,False,291,https://polymarket.com/event/bitcoin-up-or-down-june-19-2026-8pm-et,
bitcoin-up-or-down-june-19-2026-7pm-et,"Bitcoin Up or Down - June 19, 7PM ET",True,Up,2026-06-20T00:00:00Z,25402.935354999998,0.365,0.9995,0.9995,False,,False,291,0.0005,0.635,0.0005,True,2026-06-20T00:00:07+00:00,False,291,https://polymarket.com/event/bitcoin-up-or-down-june-19-2026-7pm-et,
bitcoin-up-or-down-june-19-2026-6pm-et,"Bitcoin Up or Down - June 19, 6PM ET",True,Up,2026-06-19T23:00:00Z,27735.182340000018,0.495,0.9995,0.9995,False,,False,290,0.0005,0.505,0.0005,True,2026-06-19T22:20:05+00:00,False,290,https://polymarket.com/event/bitcoin-up-or-down-june-19-2026-6pm-et,
bitcoin-up-or-down-june-19-2026-5pm-et,"Bitcoin Up or Down - June 19, 5PM ET",True,Down,2026-06-19T22:00:00Z,27047.778036999996,0.0005,0.52,0.0005,True,2026-06-19T21:30:04+00:00,False,291,0.48,0.9995,0.9995,False,,False,291,https://polymarket.com/event/bitcoin-up-or-down-june-19-2026-5pm-et,
bitcoin-up-or-down-june-19-2026-4pm-et,"Bitcoin Up or Down - June 19, 4PM ET",True,Up,2026-06-19T21:00:00Z,44782.760924,0.5,0.9995,0.9995,False,,False,291,0.0005,0.5,0.0005,True,2026-06-19T20:30:04+00:00,False,291,https://polymarket.com/event/bitcoin-up-or-down-june-19-2026-4pm-et,
bitcoin-up-or-down-june-19-2026-3pm-et,"Bitcoin Up or Down - June 19, 3PM ET",True,Down,2026-06-19T20:00:00Z,81542.54952900007,0.0005,0.505,0.0005,True,2026-06-19T19:20:04+00:00,False,291,0.495,0.9995,0.9995,False,,False,291,https://polymarket.com/event/bitcoin-up-or-down-june-19-2026-3pm-et,
bitcoin-up-or-down-june-19-2026-2pm-et,"Bitcoin Up or Down - June 19, 2PM ET",True,Down,2026-06-19T19:00:00Z,43082.371126,0.0005,0.505,0.0005,True,2026-06-19T18:30:05+00:00,False,291,0.495,0.9995,0.9995,False,,False,291,https://polymarket.com/event/bitcoin-up-or-down-june-19-2026-2pm-et,
bitcoin-up-or-down-june-19-2026-1pm-et,"Bitcoin Up or Down - June 19, 1PM ET",True,Up,2026-06-19T18:00:00Z,43768.661924000015,0.405,0.9995,0.9995,False,,False,282,0.0005,0.595,0.0005,True,2026-06-19T17:20:03+00:00,False,282,https://polymarket.com/event/bitcoin-up-or-down-june-19-2026-1pm-et,
bitcoin-up-or-down-june-19-2026-12pm-et,"Bitcoin Up or Down - June 19, 12PM ET",True,Down,2026-06-19T17:00:00Z,42752.189692999964,0.0005,0.725,0.0005,True,2026-06-19T17:00:04+00:00,False,282,0.275,0.9995,0.9995,True,2026-06-19T16:40:04+00:00,True,282,https://polymarket.com/event/bitcoin-up-or-down-june-19-2026-12pm-et,
bitcoin-up-or-down-june-19-2026-11am-et,"Bitcoin Up or Down - June 19, 11AM ET",True,Up,2026-06-19T16:00:00Z,45651.28200599994,0.175,0.9995,0.9995,True,2026-06-19T15:20:04+00:00,True,281,0.0005,0.825,0.0005,True,2026-06-19T16:00:04+00:00,False,281,https://polymarket.com/event/bitcoin-up-or-down-june-19-2026-11am-et,
bitcoin-up-or-down-june-19-2026-10am-et,"Bitcoin Up or Down - June 19, 10AM ET",True,Down,2026-06-19T15:00:00Z,61210.276758999804,0.0005,0.845,0.0005,True,2026-06-19T14:20:03+00:00,False,282,0.165,0.9995,0.9995,True,2026-06-19T14:40:03+00:00,True,282,https://polymarket.com/event/bitcoin-up-or-down-june-19-2026-10am-et,
bitcoin-up-or-down-june-19-2026-9am-et,"Bitcoin Up or Down - June 19, 9AM ET",True,Up,2026-06-19T14:00:00Z,58222.3102279999,0.275,0.9995,0.9995,True,2026-06-19T13:20:03+00:00,True,282,0.0005,0.725,0.0005,True,2026-06-19T13:40:04+00:00,False,282,https://polymarket.com/event/bitcoin-up-or-down-june-19-2026-9am-et,
bitcoin-up-or-down-june-19-2026-8am-et,"Bitcoin Up or Down - June 19, 8AM ET",True,Up,2026-06-19T13:00:00Z,61161.807611000084,0.011,0.9995,0.9995,True,2026-06-19T12:20:03+00:00,True,272,0.0005,0.989,0.0005,True,2026-06-19T13:00:03+00:00,False,272,https://polymarket.com/event/bitcoin-up-or-down-june-19-2026-8am-et,
bitcoin-up-or-down-june-19-2026-7am-et,"Bitcoin Up or Down - June 19, 7AM ET",True,Up,2026-06-19T12:00:00Z,51334.60566299995,0.395,0.9995,0.9995,False,,False,274,0.0005,0.615,0.0005,True,2026-06-19T11:30:05+00:00,False,274,https://polymarket.com/event/bitcoin-up-or-down-june-19-2026-7am-et,
bitcoin-up-or-down-june-19-2026-6am-et,"Bitcoin Up or Down - June 19, 6AM ET",True,Up,2026-06-19T11:00:00Z,31329.51576699993,0.495,0.9995,0.9995,False,,False,269,0.0005,0.505,0.0005,True,2026-06-19T10:10:04+00:00,False,269,https://polymarket.com/event/bitcoin-up-or-down-june-19-2026-6am-et,
bitcoin-up-or-down-june-19-2026-5am-et,"Bitcoin Up or Down - June 19, 5AM ET",True,Down,2026-06-19T10:00:00Z,43011.30708399995,0.0005,0.535,0.0005,True,2026-06-19T09:10:04+00:00,False,276,0.465,0.9995,0.9995,False,,False,276,https://polymarket.com/event/bitcoin-up-or-down-june-19-2026-5am-et,
bitcoin-up-or-down-june-19-2026-4am-et,"Bitcoin Up or Down - June 19, 4AM ET",True,Down,2026-06-19T09:00:00Z,30592.795086000024,0.0005,0.905,0.0005,True,2026-06-19T09:00:03+00:00,False,274,0.095,0.9995,0.9995,True,2026-06-19T08:40:03+00:00,True,274,https://polymarket.com/event/bitcoin-up-or-down-june-19-2026-4am-et,
bitcoin-up-or-down-june-19-2026-3am-et,"Bitcoin Up or Down - June 19, 3AM ET",True,Down,2026-06-19T08:00:00Z,32561.977479000034,0.0005,0.515,0.0005,True,2026-06-19T07:20:03+00:00,False,271,0.485,0.9995,0.9995,False,,False,271,https://polymarket.com/event/bitcoin-up-or-down-june-19-2026-3am-et,
bitcoin-up-or-down-june-19-2026-2am-et,"Bitcoin Up or Down - June 19, 2AM ET",True,Up,2026-06-19T07:00:00Z,43053.32556099996,0.465,0.9995,0.9995,False,,False,284,0.0005,0.535,0.0005,True,2026-06-19T06:30:04+00:00,False,284,https://polymarket.com/event/bitcoin-up-or-down-june-19-2026-2am-et,
bitcoin-up-or-down-june-19-2026-1am-et,"Bitcoin Up or Down - June 19, 1AM ET",True,Up,2026-06-19T06:00:00Z,16143.121287000016,0.495,0.9995,0.9995,False,,False,271,0.0005,0.505,0.0005,True,2026-06-19T05:20:04+00:00,False,271,https://polymarket.com/event/bitcoin-up-or-down-june-19-2026-1am-et,
bitcoin-up-or-down-june-19-2026-12am-et,"Bitcoin Up or Down - June 19, 12AM ET",True,Down,2026-06-19T05:00:00Z,17836.362123000014,0.055,0.535,0.0645,True,2026-06-19T04:40:05+00:00,False,281,0.465,0.945,0.9355,False,,False,281,https://polymarket.com/event/bitcoin-up-or-down-june-19-2026-12am-et,
bitcoin-up-or-down-june-18-2026-11pm-et,"Bitcoin Up or Down - June 18, 11PM ET",True,Down,2026-06-19T04:00:00Z,42281.612109999995,0.0005,0.505,0.0005,True,2026-06-19T03:10:04+00:00,False,262,0.495,0.9995,0.9995,False,,False,262,https://polymarket.com/event/bitcoin-up-or-down-june-18-2026-11pm-et,
bitcoin-up-or-down-june-18-2026-10pm-et,"Bitcoin Up or Down - June 18, 10PM ET",True,Down,2026-06-19T03:00:00Z,22368.671200999983,0.0005,0.545,0.0005,True,2026-06-19T02:30:05+00:00,False,279,0.455,0.9995,0.9995,False,,False,279,https://polymarket.com/event/bitcoin-up-or-down-june-18-2026-10pm-et,
bitcoin-up-or-down-june-18-2026-9pm-et,"Bitcoin Up or Down - June 18, 9PM ET",True,Up,2026-06-19T02:00:00Z,33059.38312399998,0.055,0.9995,0.9995,True,2026-06-19T01:30:04+00:00,True,272,0.0005,0.945,0.0005,True,2026-06-19T02:00:04+00:00,False,272,https://polymarket.com/event/bitcoin-up-or-down-june-18-2026-9pm-et,
bitcoin-up-or-down-june-18-2026-8pm-et,"Bitcoin Up or Down - June 18, 8PM ET",True,Up,2026-06-19T01:00:00Z,28101.766150999967,0.345,0.9995,0.9995,False,,False,272,0.0005,0.655,0.0005,True,2026-06-19T00:40:04+00:00,False,272,https://polymarket.com/event/bitcoin-up-or-down-june-18-2026-8pm-et,
bitcoin-up-or-down-june-18-2026-7pm-et,"Bitcoin Up or Down - June 18, 7PM ET",True,Up,2026-06-19T00:00:00Z,32174.354029999955,0.375,0.9995,0.9995,False,,False,270,0.0005,0.625,0.0005,True,2026-06-18T23:50:04+00:00,False,270,https://polymarket.com/event/bitcoin-up-or-down-june-18-2026-7pm-et,
bitcoin-up-or-down-june-18-2026-6pm-et,"Bitcoin Up or Down - June 18, 6PM ET",True,Down,2026-06-18T23:00:00Z,34623.662580000004,0.0005,0.5,0.0005,True,2026-06-18T22:20:04+00:00,False,268,0.5,0.9995,0.9995,False,,False,268,https://polymarket.com/event/bitcoin-up-or-down-june-18-2026-6pm-et,
bitcoin-up-or-down-june-18-2026-5pm-et,"Bitcoin Up or Down - June 18, 5PM ET",True,Down,2026-06-18T22:00:00Z,46208.48013999999,0.0005,0.505,0.0005,True,2026-06-18T21:20:04+00:00,False,261,0.495,0.9995,0.9995,False,,False,261,https://polymarket.com/event/bitcoin-up-or-down-june-18-2026-5pm-et,
bitcoin-up-or-down-june-18-2026-4pm-et,"Bitcoin Up or Down - June 18, 4PM ET",True,Up,2026-06-18T21:00:00Z,31335.53456499999,0.485,0.9995,0.9995,False,,False,295,0.0005,0.515,0.0005,True,2026-06-18T20:10:05+00:00,False,295,https://polymarket.com/event/bitcoin-up-or-down-june-18-2026-4pm-et,
bitcoin-up-or-down-june-18-2026-3pm-et,"Bitcoin Up or Down - June 18, 3PM ET",True,Up,2026-06-18T20:00:00Z,25692.331729999998,0.455,0.9995,0.9995,False,,False,294,0.0005,0.545,0.0005,True,2026-06-18T19:40:04+00:00,False,294,https://polymarket.com/event/bitcoin-up-or-down-june-18-2026-3pm-et,
